{"cameraMode":{"drawMode":0,"name":"Shaded","section":"Shading Mode"},"sceneLighting":false,"audioPlay":false,"sceneViewState":{"showFog":true,"showMaterialUpdate":false,"showSkybox":false,"showFlares":true,"showImageEffects":true,"showParticleSystems":true},"in2DMode":false,"pivot":{"x":-0.0028977692127227785,"y":-0.0010399892926216126,"z":0.0},"rotation":{"x":0.02535575069487095,"y":-0.6476817727088928,"z":0.02159229852259159,"w":0.7611907124519348},"size":1.2539423704147339,"orthographic":false}